Target_Mutation,Orientation,Sequence,Pred_Mutation,Primer_Correct
Y139V,F,GAGCGGCAGCGCCGTGAGAGAGACCAAGGAC,Y139V,True
Y139V,R,CTTGGTCTCTCTCACGGCGCTGCCGCTCACC,Y139V,True
Y139T,F,GAGCGGCAGCGCCACCAGAGAGACCAAGGAC,Y139T,True
Y139T,R,CTTGGTCTCTCTGGTGGCGCTGCCGCTCACC,Y139T,True
Y139S,F,GAGCGGCAGCGCCAGCAGAGAGACCAAGGAC,Y139S,True
Y139S,R,CTTGGTCTCTCTGCTGGCGCTGCCGCTCACC,Y139S,True
A48D,F,,,
A48D,R,,,
E265V,F,GGCGGCGTGGTGCTGCACTTCGACGTGGAG,E265V,True
E265V,R,GTCGAAGTGCAGCACCACGCCGCCCCAGGTG,E265V,True
D9T,F,GACTGCTGATCAGCACCAGCTACGACCCCTG,D9T,True
D9T,R,GGTCGTAGCTGGTGCTGATCAGCAGTCTCAG,D9T,True
L161H,F,GACCTGAGCAGACACGCCAACTACCTGAACC,L161H,True
L161H,R,GTTCAGGTAGTTGGCGTGTCTGCTCAGGTCG,L161H,True
F281K,F,,,
F281K,R,,,
A48E,F,GTGATCGGCAGAGAGCAGAACCCCTGGAAGG,A48E,True
A48E,R,CCAGGGGTTCTGCTCTCTGCCGATCACCACG,A48E,True
L161R,F,CGACCTGAGCAGAAGGGCCAACTACCTGAAC,L161R,True
L161R,R,TCAGGTAGTTGGCCCTTCTGCTCAGGTCGG,L161R,True
E265I,F,CTGGGGCGGCGTGATCCTGCACTTCGACGTG,E265I,True
E265I,R,GTCGAAGTGCAGGATCACGCCGCCCCAGGTG,E265I,True
F147S,F,CAAGGACAGAGGCAGCCACCACGGCACCCTG,F147S,True
F147S,R,GGTGCCGTGGTGGCTGCCTCTGTCCTTGGTC,F147S,True
L161Q,F,CGACCTGAGCAGACAGGCCAACTACCTGAACC,L161Q,True
L161Q,R,GTTCAGGTAGTTGGCCTGTCTGCTCAGGTCGG,L161Q,True
L161M,F,CGACCTGAGCAGAATGGCCAACTACCTGAACC,L161M,True
L161M,R,GGTAGTTGGCCATTCTGCTCAGGTCGGCGTTC,L161M,True
A48R,F,GTGATCGGCAGAAGACAGAACCCCTGGAAGG,A48R,True
A48R,R,CCAGGGGTTCTGTCTTCTGCCGATCACCACG,A48R,True
L161Y,F,GACCTGAGCAGATACGCCAACTACCTGAACC,L161Y,True
L161Y,R,GTTCAGGTAGTTGGCGTATCTGCTCAGGTCGG,L161Y,True
A48K,F,,,
A48K,R,,,
F147R,F,CAAGGACAGAGGCAGACACCACGGCACCCTG,F147R,True
F147R,R,GGTGCCGTGGTGTCTGCCTCTGTCCTTGGTC,F147R,True
P229E,F,GACCCCCGACCTGGAGAACTTCGCCGAGACC,P229E,True
P229E,R,CTCGGCGAAGTTCTCCAGGTCGGGGGTCTTG,P229E,True
E265T,F,GGGCGGCGTGACCCTGCACTTCGACGTGGAG,E265T,True
E265T,R,GTCGAAGTGCAGGGTCACGCCGCCCCAGGTG,E265T,True
C311F,F,GCTGCAGCAGGAGTTCGAGGCCCTGCTGGTG,C311F,True
C311F,R,CAGCAGGGCCTCGAACTCCTGCTGCAGCATG,C311F,True
Q26T,F,GTGCATCTTCAGAACCATGCCCGCCACCCAG,Q26T,True
Q26T,R,GGGTGGCGGGCATGGTTCTGAAGATGCACTC,Q26T,True
E265R,F,CTGGGGCGGCGTGAGACTGCACTTCGACGTG,E265R,True
E265R,R,GTCGAAGTGCAGTCTCACGCCGCCCCAGGTG,E265R,True
E265K,F,,,
E265K,R,,,
F281L,F,CAGAGCCCAGGTGCTGACCGACAGCCTGAAC,F281L,True
F281L,R,GCTGTCGGTCAGCACCTGGGCTCTGGTGATG,F281L,True
P229D,F,GACCCCCGACCTGGACAACTTCGCCGAGAC,P229D,True
P229D,R,CTCGGCGAAGTTGTCCAGGTCGGGGGTCTTG,P229D,True
F281A,F,CAGAGCCCAGGTGGCCACCGACAGCCTGAACC,F281A,True
F281A,R,CAGGCTGTCGGTGGCCACCTGGGCTCTGGTG,F281A,True
P289A,F,CTGAACCCCGCCGCCCTGGAGGCCCTG,P289A,True
P289A,R,AGGGCCTCCAGGGCGGCGGGGTTCAGG,P289A,True
D9E,F,CTGCTGATCAGCGAGAGCTACGACCCCTGG,D9E,True
D9E,R,CAGGGGTCGTAGCTCTCGCTGATCAGCAGTC,D9E,True
F147K,F,,,
F147K,R,,,
E265L,F,CTGGGGCGGCGTGCTGCTGCACTTCGACGTG,E265L,True
E265L,R,GTCGAAGTGCAGCAGCACGCCGCCCCAGGTG,E265L,True
Q26S,F,GTGCATCTTCAGAAGCATGCCCGCCACCCAG,Q26S,True
Q26S,R,GGTGGCGGGCATGCTTCTGAAGATGCACTC,Q26S,True
Ext.+3a7r,,,,
F281R,F,CAGAGCCCAGGTGAGGACCGACAGCCTGAAC,F281R,True
F281R,R,CAGGCTGTCGGTCCTCACCTGGGCTCTGGTG,F281R,True
W52L,F,GAGCCCAGAACCCCCTGAAGGAGTGCAACAC,W52L,True
W52L,R,GTTGCACTCCTTCAGGGGGTTCTGGGCTCTG,W52L,True
N83V,F,CCACGACCTGGGCGTGACCTGCTTCACCTTC,N83V,True
N83V,R,GGTGAAGCAGGTCACGCCCAGGTCGTGGAAC,N83V,True
3a7r,,,,
P13A,F,CGACAGCTACGACGCCTGGTTCAACCTGG,P13A,True
P13A,R,GGTTGAACCAGGCGTCGTAGCTGTCGCTG,P13A,True
G263H,F,GATTCACCTGGGGCCACGTGGAGCTGCACTTC,G263H,True
G263H,R,GTGCAGCTCCACGTGGCCCCAGGTGAATCTC,G263H,True
D256S,F,CAGCCACCTGCTGAGCGAGAGATTCACCTG,D256S,True
D256S,R,GGTGAATCTCTCGCTCAGCAGGTGGCTGAAG,D256S,True
L285P,F,TTCACCGACAGCCCCAACCCCGCCCCCCTG,L285P,True
L285P,R,GGGCGGGGTTGGGGCTGTCGGTGAACAC,L285P,True
Q321A,F,GACTTCCCCGAGGCCGAGAAGGAGCTGAGAG,Q321A,True
Q321A,R,GCTCCTTCTCGGCCTCGGGGAAGTCCACCAG,Q321A,True
Q321S,F,GACTTCCCCGAGAGCGAGAAGGAGCTGAGAG,Q321S,True
Q321S,R,GCTCCTTCTCGCTCTCGGGGAAGTCCACCAG,Q321S,True
D256K,,,,
D256K,,,,
W14N,F,CAGCTACGACCCCAACTTCAACCTGGCCGTG,W14N,True
W14N,R,GGCCAGGTTGAAGTTGGGGTCGTAGCTGTCG,W14N,True
D256R,F,CAGCCACCTGCTGAGGGAGAGATTCACCTGG,D256R,True
D256R,R,GGTGAATCTCTCCCTCAGCAGGTGGCTGAAG,D256R,True
G263R,F,TTCACCTGGGGCAGAGTGGAGCTGCACTTCG,G263R,True
G263R,R,GTGCAGCTCCACTCTGCCCCAGGTGAATCTC,G263R,True
N163A,F,CAGACTGGCCGCCTACCTGAACCCCGACAAG,N163A,True
N163A,R,GGTTCAGGTAGGCGGCCAGTCTGCTCAGGTC,N163A,True
N39A,F,TTCCTGGTGAGAGCCGCCGACACCGTGGTG,N39A,True
N39A,R,CACGGTGTCGGCGGCTCTCACCAGGAACAG,N39A,True
T151N,F,CTTCCACCACGGCAACCTGCTGCTGAACG,T151N,True
T151N,R,GTTCAGCAGCAGGTTGCCGTGGTGGAAGC,T151N,True
N163E,F,CAGACTGGCCGAGTACCTGAACCCCGACAAG,N163E,True
N163E,R,GGTTCAGGTACTCGGCCAGTCTGCTCAGGTC,N163E,True
E205N,F,GCGAGGCCATCACCAACGCCTTCTTCGCCCAC,E205N,True
E205N,R,GGCGAAGAAGGCGTTGGTGATGGCCTCGCAC,E205N,True
T151D,F,TTCCACCACGGCGACCTGCTGCTGAACGC,T151D,True
T151D,R,GTTCAGCAGCAGGTCGCCGTGGTGGAAGC,T151D,True
I177T,F,TGGCCGCCAAGGGCACCACCAGCGTGAGAAG,I177T,True
I177T,R,TTCTCACGCTGGTGGTGCCCTTGGCGGCCAG,I177T,True
N83T,F,CCACGACCTGGGCACCACCTGCTTCACCTTC,N83T,True
N83T,R,GGTGAAGCAGGTGGTGCCCAGGTCGTGGAAC,N83T,True
L154V,F,ACGGCACCCTGCTGGTGAACGCCGACCTGAG,L154V,True
L154V,R,CAGGTCGGCGTTCACCAGCAGGGTGCCGTGG,L154V,True
3a7r + 1x2g,,,,
H79L,F,,,
H79L,R,,,
M332L,F,,,
M332L,R,,,
I219R,F,AGTGGAGGCCGAGAGAATCAGCCCCAACAAGAC,I219R,True
I219R,R,TTGTTGGGGCTGATTCTCTCGGCCTCCACTCTC,I219R,True
W37Y,F,,,
W37Y,R,,,
E257K,F,,,
E257K,R,,,
V128P,F,,,
V128P,R,,,
W37H,F,,,
W37H,R,,,
N109A,F,CTGAACGCCCTGGCCGCCCTGGGCGTGAG,N109A,True
N109A,R,ACGCCCAGGGCGGCCAGGGCGTTCAGCAC,N109A,True
V128A,F,,,
V128A,R,,,
Y11V,F,ATCAGCGACAGCGTGGACCCCTGGTTCAAC,Y11V,True
Y11V,R,GAACCAGGGGTCCACGCTGTCGCTGATCAG,Y11V,True
E201A,F,GAGCAGGTGTGCGCCGCCATCACCGAGGCC,E201A,True
E201A,R,CTCGGTGATGGCGGCGCACACCTGCTCGTG,E201A,True
M306A,F,,,
M306A,R,,,
N39S,F,TTCCTGGTGAGAAGCGCCGACACCGTGGTG,N39S,True
N39S,R,CACGGTGTCGGCGCTTCTCACCAGGAACAG,N39S,True
1x2g,,,,
Y11D,F,GATCAGCGACAGCGACGACCCCTGGTTCAAC,Y11D,True
Y11D,R,GAACCAGGGGTCGTCGCTGTCGCTGATCAGC,Y11D,True
Y11T,F,,,
Y11T,R,,,
T185M,F,AGAAGCAGAGTGATGAACCTGACCGAGCTG,T185M,True
T185M,R,CTCGGTCAGGTTCATCACTCTGCTTCTCAC,T185M,True
Y11E,F,ATCAGCGACAGCGAGGACCCCTGGTTCAACC,Y11E,True
Y11E,R,TGAACCAGGGGTCCTCGCTGTCGCTGATCAG,Y11E,True
D131P,F,GACCGTGGAGGGCCCCAGAAAGGTGAGCGG,D131P,True
D131P,R,CTCACCTTTCTGGGGCCCTCCACGGTCTTC,D131P,True
N39T,F,TTCCTGGTGAGAACAGCCGACACCGTGGTG,N39T,True
N39T,R,CACGGTGTCGGCTGTTCTCACCAGGAACAG,N39T,True
E324L,F,GAGCAGGAGAAGCTCCTGAGAGAGCTGAG,E324L,True
E324L,R,AGCTCTCTCAGGAGCTTCTCCTGCTCGGG,E324L,True
G334K,F,GCGCCTGGATGGCCAAAGCCGTGAGATAAGAATTC,G334K,True
G334K,R,TCTTATCTCACGGCTTTGGCCATCCAGGCGCTCAG,G334K,True
N106A,F,CAGCATCGTGCTGGCCGCCCTGAACGCCCTG,N106A,True
N106A,R,GGCGTTCAGGGCGGCCAGCACGATGCTGGTG,N106A,True
S100P,F,CGACAAGACCATCCCCACCAGCATCGTGCTG,S100P,True
S100P,R,ACGATGCTGGTGGGGATGGTCTTGTCGTAC,S100P,True
T225L,F,,,
T225L,R,,,
1x2g+Down,,,,
T57L,F,AAGGAGTGCAACCTGAGAAGAATGGAGGAGG,T57L,True
T57L,R,CTCCATTCTTCTCAGGTTGCACTCCTTCCAG,T57L,True
T57I,F,AGGAGTGCAACATCAGAAGAATGGAGGAG,T57I,True
T57I,R,CTCCATTCTTCTGATGTTGCACTCCTTCC,T57I,True
E54L,F,AACCCCTGGAAGCTGTGCAACACCAGAAG,E54L,True
E54L,R,CTGGTGTTGCACAGCTTCCAGGGGTTCTG,E54L,True
C55L,F,CCCCTGGAAGGAGCTGAACACCAGAAGAATGG,C55L,True
C55L,R,TTCTTCTGGTGTTCAGCTCCTTCCAGGGGTTC,C55L,True
E54I,F,GAACCCCTGGAAGATCTGCAACACCAGAAGAATG,E54I,True
E54I,R,CTTCTGGTGTTGCAGATCTTCCAGGGGTTCTGGG,E54I,True
E54V,F,AACCCCTGGAAGGTGTGCAACACCAGAAG,E54V,True
E54V,R,CTGGTGTTGCACACCTTCCAGGGGTTCTG,E54V,True
V316P,F,CGAGGCCCTGCTGCCAGACTTCCCCGAGCAG,V316P,True
V316P,R,CTCGGGGAAGTCTGGCAGCAGGGCCTCGCAC,V316P,True
E54T,F,GAACCCCTGGAAGACGTGCAACACCAGAAG,E54T,True
E54T,R,CTGGTGTTGCACGTCTTCCAGGGGTTCTGG,E54T,True
L293F,F,CCCTGGAGGCCTTCGCCGGCAGACTGCAG,L293F,True
L293F,R,CAGTCTGCCGGCGAAGGCCTCCAGGGGGG,L293F,True
P167V,F,AACTACCTGAACGTGGACAAGAAGAAGCTGG,P167V,True
P167V,R,CTTCTTCTTGTCCACGTTCAGGTAGTTGGCC,P167V,True
M89S,F,GCTTCACCTTCAGCGCCGGCAAGCCCGAG,M89S,True
M89S,R,GGGCTTGCCGGCGCTGAAGGTGAAGCAGG,M89S,True
Down-bias,,,,
C55I,F,CCCCTGGAAGGAGATCAACACCAGAAGAATG,C55I,True
C55I,R,TCTTCTGGTGTTGATCTCCTTCCAGGGGTTC,C55I,True
R337P,F,CGGCGCCGTGCCCTAAGAATTCTGCAG,R337P,True
R337P,R,CAGAATTCTTAGGGCACGGCGCCGGCC,R337P,True
T57F,F,GAAGGAGTGCAACTTCAGAAGAATGGAGGAG,T57F,True
T57F,R,CTCCATTCTTCTGAAGTTGCACTCCTTCCAG,T57F,True
T87A,F,AACACCTGCTTCGCCTTCATGGCCGGC,T87A,True
T87A,R,GGCCATGAAGGCGAAGCAGGTGTTGCC,T87A,True
L328V,F,GGAGCTGAGAGAGGTGAGCGCCTGGATGGC,L328V,True
L328V,R,ATCCAGGCGCTCACCTCTCTCAGCTCCTTC,L328V,True
L172A,F,ACAAGAAGAAGGCAGCCGCCAAGGGCATC,L172A,True
L172A,R,GCCCTTGGCGGCTGCCTTCTTCTTGTCGG,L172A,True
T57W,F,AAGGAGTGCAACTGGAGAAGAATGGAGGAGG,T57W,True
T57W,R,CTCCATTCTTCTCCAGTTGCACTCCTTCCAG,T57W,True
T57M,F,AGGAGTGCAACATGAGAAGAATGGAGGAGG,T57M,True
T57M,R,CCTCCATTCTTCTCATGTTGCACTCCTTCC,T57M,True
E54Y,F,ACCCCTGGAAGTACTGCAACACCAGAAGAATG,E54Y,True
E54Y,R,TCTGGTGTTGCAGTACTTCCAGGGGTTCTGGG,E54Y,True
V43I,F,AAACGCCGACACCATCGTGATCGGCAGAGCC,V43I,True
V43I,R,TCTGCCGATCACGATGGTGTCGGCGTTTCTC,V43I,True
C55M,F,CCCCTGGAAGGAGATGAACACCAGAAGAATGGAG,C55M,True
C55M,R,TTCTTCTGGTGTTCATCTCCTTCCAGGGGTTCTG,C55M,True
L293Y,F,CCCCTGGAGGCCTACGCCGGCAGACTGCAG,L293Y,True
L293Y,R,CAGTCTGCCGGCGTAGGCCTCCAGGGGGGC,L293Y,True
M89A,F,CTGCTTCACCTTCGCAGCCGGCAAGCCCGAG,M89A,True
M89A,R,GGGCTTGCCGGCTGCGAAGGTGAAGCAGGTG,M89A,True
T57Y,F,GAAGGAGTGCAACTACAGAAGAATGGAGGAG,T57Y,True
T57Y,R,CTCCATTCTTCTGTAGTTGCACTCCTTCCAG,T57Y,True
E54M,F,GAACCCCTGGAAGATGTGCAACACCAGAAG,E54M,True
E54M,R,CTGGTGTTGCACATCTTCCAGGGGTTCTGG,E54M,True
P167I,F,CAACTACCTGAACATCGACAAGAAGAAGCTG,P167I,True
P167I,R,CTTCTTCTTGTCGATGTTCAGGTAGTTGGCC,P167I,True
W241K,F,,,
W241K,R,,,
E54K,F,,,
E54K,R,,,
P167E,F,AACTACCTGAACGAGGACAAGAAGAAGCTGG,P167E,True
P167E,R,CTTCTTCTTGTCCTCGTTCAGGTAGTTGGCC,P167E,True
P167L,F,ACTACCTGAACCTGGACAAGAAGAAGCTGG,P167L,True
P167L,R,GCTTCTTCTTGTCCAGGTTCAGGTAGTTGG,P167L,True
E54R,F,GAACCCCTGGAAGAGGTGCAACACCAGAAG,E54R,True
E54R,R,CTGGTGTTGCACCTCTTCCAGGGGTTCTGG,E54R,True
E54W,F,GAACCCCTGGAAGTGGTGCAACACCAGAAG,E54W,True
E54W,R,CTGGTGTTGCACCACTTCCAGGGGTTCTGG,E54W,True
E54A,F,CCCCTGGAAGGCCTGCAACACCAGAAGAATG,E54A,True
E54A,R,TCTGGTGTTGCAGGCCTTCCAGGGGTTCTGG,E54A,True
E54H,F,CCCCTGGAAGCACTGCAACACCAGAAGAATG,E54H,True
E54H,R,CTGGTGTTGCAGTGCTTCCAGGGGTTCTGGG,E54H,True
A248P,F,AACTTCGGCCAGCCCCCCGCCTTCAGC,A248P,True
A248P,R,TGAAGGCGGGGGGCTGGCCGAAGTTCC,A248P,True
